name,price,sizes,stars,ratings_count
DEELMO Men's Cotton Blend Mandarin Collar Self One Design Full Sleeve Casual Short Kurta,494,"₹494.00 with 78 percent savings
₹494.00
₹2,199.00
₹2,199.00
₹494.00 with 78 percent savings
₹494.00
₹2,199.00
₹2,199.00
₹494.00 with 78 percent savings
₹494.00
₹2,199.00
₹2,199.00
₹494.00 with 78 percent savings
₹494.00
₹2,199.00
₹2,199.00
₹494.00 with 78 percent savings
₹494.00
₹2,199.00
₹2,199.00
₹494.00 with 78 percent savings
₹494.00
₹2,199.00
₹2,199.00
₹494.00 with 78 percent savings
₹494.00
₹2,199.00
₹2,199.00
₹494.00 with 78 percent savings
₹494.00
₹2,199.00
₹2,199.00|S
M
L
XL
2XL",3.4 out of 5 stars,"1,395 ratings"
TAGDO Men's Regular Fit Casual Shirt (5171),389,"₹389.00 with 76 percent savings
₹389.00
₹1,599.00
₹1,599.00
₹389.00 with 76 percent savings
₹389.00
₹1,599.00
₹1,599.00
₹389.00 with 76 percent savings
₹389.00
₹1,599.00
₹1,599.00
₹389.00 with 76 percent savings
₹389.00
₹1,599.00
₹1,599.00
₹389.00 with 76 percent savings
₹389.00
₹1,599.00
₹1,599.00
₹389.00 with 76 percent savings
₹389.00
₹1,599.00
₹1,599.00|S
M
L
XL
2XL",4.0 out of 5 stars,"1,009 ratings"
Allen Solly Men's Plain Slim Fit Shirt,679,"₹879.00 with 48 percent savings
₹879.00
₹1,699.00
₹1,699.00
₹909.00 with 35 percent savings
₹909.00
₹1,399.00
₹1,399.00
₹959.00 with 40 percent savings
₹959.00
₹1,599.00
₹1,599.00
₹899.00 with 44 percent savings
₹899.00
₹1,599.00
₹1,599.00
₹679.00 with 51 percent savings
₹679.00
₹1,399.00
₹1,399.00
₹899.00 with 44 percent savings
₹899.00
₹1,599.00
₹1,599.00
₹899.00 with 44 percent savings
₹899.00
₹1,599.00
₹1,599.00
₹879.00 with 48 percent savings
₹879.00
₹1,699.00
₹1,699.00
₹859.00 with 46 percent savings
₹859.00
₹1,599.00
₹1,599.00
₹899.00 with 44 percent savings
₹899.00
₹1,599.00
₹1,599.00
₹859.00 with 46 percent savings
₹859.00
₹1,599.00
₹1,599.00|38
39
40
42
44",3.7 out of 5 stars,"16,595 ratings"
CB-COLEBROOK Men's Casual Button Down Shirts Long Sleeve Linen Shirt Fashion Textured Beach Summer Shirts,499,"₹499.00 with 77 percent savings
₹499.00
₹2,195.00
₹2,195.00
₹469.87 with 79 percent savings
₹469.87
₹2,195.00
₹2,195.00
₹499.00 with 77 percent savings
₹499.00
₹2,195.00
₹2,195.00
₹499.00 with 77 percent savings
₹499.00
₹2,195.00
₹2,195.00
₹499.00 with 77 percent savings
₹499.00
₹2,195.00
₹2,195.00
₹499.00 with 77 percent savings
₹499.00
₹2,195.00
₹2,195.00
₹499.00 with 77 percent savings
₹499.00
₹2,195.00
₹2,195.00
₹499.00 with 77 percent savings
₹499.00
₹2,195.00
₹2,195.00
₹499.00 with 77 percent savings
₹499.00
₹2,195.00
₹2,195.00
See available options|S
M
L
XL
2XL",3.8 out of 5 stars,"1,597 ratings"
U-TURN Men's Cotton Casual Printed Striped Stylish Latest Shirt for Men,428,"₹428.00 with 73 percent savings
₹428.00
₹1,598.00
₹1,598.00
₹428.00 with 76 percent savings
₹428.00
₹1,799.00
₹1,799.00|S
M
L
XL
2XL",3.7 out of 5 stars,186 ratings
CB-COLEBROOK Men's Regular Fit Solid Soft Touch Cotton Casual Shirt with Pocket Design with Spread Collar & Full Sleeves,495,"₹495.00 with 73 percent savings
₹495.00
₹1,849.00
₹1,849.00
₹495.00 with 73 percent savings
₹495.00
₹1,849.00
₹1,849.00
₹495.00 with 73 percent savings
₹495.00
₹1,849.00
₹1,849.00
₹495.00 with 73 percent savings
₹495.00
₹1,849.00
₹1,849.00
₹495.00 with 73 percent savings
₹495.00
₹1,849.00
₹1,849.00
₹495.00 with 73 percent savings
₹495.00
₹1,849.00
₹1,849.00
₹495.00 with 73 percent savings
₹495.00
₹1,849.00
₹1,849.00
₹495.00 with 73 percent savings
₹495.00
₹1,849.00
₹1,849.00
₹495.00 with 73 percent savings
₹495.00
₹1,849.00
₹1,849.00
₹495.00 with 73 percent savings
₹495.00
₹1,849.00
₹1,849.00
₹495.00 with 73 percent savings
₹495.00
₹1,849.00
₹1,849.00
₹495.00 with 73 percent savings
₹495.00
₹1,849.00
₹1,849.00
₹495.00 with 73 percent savings
₹495.00
₹1,849.00
₹1,849.00
₹495.00 with 73 percent savings
₹495.00
₹1,849.00
₹1,849.00
₹495.00 with 73 percent savings
₹495.00
₹1,849.00
₹1,849.00
₹495.00 with 73 percent savings
₹495.00
₹1,849.00
₹1,849.00
See available options
See available options
₹495.00 with 73 percent savings
₹495.00
₹1,849.00
₹1,849.00
See available options|S
M
L
XL
2XL",3.8 out of 5 stars,"2,377 ratings"
Pinkmint Casual Shirt for Men Stylish Men's Shirt Soild Regular Fit Long Sleeve Formal Wear Purple,399,"₹399.00 with 80 percent savings
₹399.00
₹1,999.00
₹1,999.00
₹399.00 with 80 percent savings
₹399.00
₹1,999.00
₹1,999.00
₹399.00 with 80 percent savings
₹399.00
₹1,999.00
₹1,999.00
₹399.00 with 80 percent savings
₹399.00
₹1,999.00
₹1,999.00
₹399.00 with 80 percent savings
₹399.00
₹1,999.00
₹1,999.00
₹399.00 with 80 percent savings
₹399.00
₹1,999.00
₹1,999.00
₹399.00 with 80 percent savings
₹399.00
₹1,999.00
₹1,999.00
₹399.00 with 80 percent savings
₹399.00
₹1,999.00
₹1,999.00
₹399.00 with 80 percent savings
₹399.00
₹1,999.00
₹1,999.00
₹399.00 with 80 percent savings
₹399.00
₹1,999.00
₹1,999.00
₹399.00 with 80 percent savings
₹399.00
₹1,999.00
₹1,999.00
See available options|S
M
L
XL
2XL",3.6 out of 5 stars,472 ratings
TAGDO Men's Jacquard Chain Polo Shirt (2020),399,"₹399.00 with 75 percent savings
₹399.00
₹1,599.00
₹1,599.00
₹399.00 with 75 percent savings
₹399.00
₹1,599.00
₹1,599.00|S
M
L
XL
2XL",4.4 out of 5 stars,391 ratings
Lymio Shirt for Men|| Regular Fit Shirt for Men|| Men Stylish Shirt (Tiedite-Shirt),449,"₹449.00 with 85 percent savings
₹449.00
₹2,999.00
₹2,999.00
₹449.00 with 85 percent savings
₹449.00
₹2,999.00
₹2,999.00
₹849.00 with 86 percent savings
₹849.00
₹5,999.00
₹5,999.00|S
M
L
XL
2XL",3.7 out of 5 stars,102 ratings
The Indian Garage Co Men's Cotton Slim Fit Multi Striped Full Sleeves Cutaway Collar Casual Shirt,550.,"₹550.80 with 69 percent savings
₹550.80
₹1,749.00
₹1,749.00
₹511.00 with 69 percent savings
₹511.00
₹1,649.00
₹1,649.00
₹511.00 with 69 percent savings
₹511.00
₹1,649.00
₹1,649.00
₹478.00 with 71 percent savings
₹478.00
₹1,649.00
₹1,649.00
₹478.00 with 71 percent savings
₹478.00
₹1,649.00
₹1,649.00
See available options|S
M
L
XL
2XL",3.7 out of 5 stars,"1,459 ratings"
Allen Solly Men's Cotton Regular Fit Polo T-Shirt,699," 
 
 
 
 
 
 
 
 
 
 
 
 
 
 
 
 
 
 
 
 ",4.0 out of 5 stars,"75,170 ratings"
Peter England Men's Solid Slim Fit Shirt,"1,000","₹1,000.00 with 37 percent savings
₹1,000.00
₹1,599.00
₹1,599.00
₹1,000.00 with 37 percent savings
₹1,000.00
₹1,599.00
₹1,599.00
₹1,000.00 with 37 percent savings
₹1,000.00
₹1,599.00
₹1,599.00
₹1,039.00 with 35 percent savings
₹1,039.00
₹1,599.00
₹1,599.00
₹1,119.00 with 30 percent savings
₹1,119.00
₹1,599.00
₹1,599.00
See available options
See available options|38
39
40
42
44
46",4.1 out of 5 stars,146 ratings
Allen Solly Men's 100% Cotton Regular Fit Shirt,899,"₹899.00 with 47 percent savings
₹899.00
₹1,699.00
₹1,699.00
₹959.00 with 40 percent savings
₹959.00
₹1,599.00
₹1,599.00
₹909.00 with 46 percent savings
₹909.00
₹1,699.00
₹1,699.00
₹968.00 with 43 percent savings
₹968.00
₹1,699.00
₹1,699.00
₹1,007.00 with 37 percent savings
₹1,007.00
₹1,599.00
₹1,599.00|38
39
40
42
44
46",3.8 out of 5 stars,"1,171 ratings"
Majestic Man Men Classic Slim Fit Pure Cotton Casual Shirt,499," 
 
 
 
 
 
 
 
 
 
 
 
 
 
 
 
 
 
 
 
 ",3.9 out of 5 stars,610 ratings
FINIVO FASHION Men's Casual Cotton Plain Button Down Shirt Long Sleeve Textured Summer Beach Shirt for Men,499,"₹499.00 with 67 percent savings
₹499.00
₹1,499.00
₹1,499.00
₹499.00 with 67 percent savings
₹499.00
₹1,499.00
₹1,499.00
₹499.00 with 67 percent savings
₹499.00
₹1,499.00
₹1,499.00
₹499.00 with 67 percent savings
₹499.00
₹1,499.00
₹1,499.00
₹499.00 with 67 percent savings
₹499.00
₹1,499.00
₹1,499.00
₹499.00 with 67 percent savings
₹499.00
₹1,499.00
₹1,499.00
₹499.00 with 67 percent savings
₹499.00
₹1,499.00
₹1,499.00
₹499.00 with 67 percent savings
₹499.00
₹1,499.00
₹1,499.00
₹499.00 with 67 percent savings
₹499.00
₹1,499.00
₹1,499.00
₹499.00 with 67 percent savings
₹499.00
₹1,499.00
₹1,499.00|S
M
L
XL
2XL",4.2 out of 5 stars,752 ratings
GRECIILOOKS Shirt for Men | Mens Casual Shirt's | Men's Regular Fit Stylish | Printed | Man's Solid Slim Fit | Short Sleeve | Trendy (Available in Plus Size and Combo Pack of 2),399,"₹399.00 with 80 percent savings
₹399.00
₹1,999.00
₹1,999.00
₹399.00 with 80 percent savings
₹399.00
₹1,999.00
₹1,999.00
See available options
See available options
Currently unavailable.
Currently unavailable.
Currently unavailable.
₹399.00 with 80 percent savings
₹399.00
₹1,999.00
₹1,999.00
See available options|Single Pack
Value Pack|S
M
L
XL
2XL
3XL",4.2 out of 5 stars,335 ratings
Lymio Casual Regular Fit Shirt for Men|| Regular Fit Shirt for Men|| Men Stylish Regular Fit Shirt (Rib-Regular Fit Shirt),449,"₹449.00 with 89 percent savings
₹449.00
₹3,999.00
₹3,999.00
₹449.00 with 89 percent savings
₹449.00
₹3,999.00
₹3,999.00
₹449.00 with 89 percent savings
₹449.00
₹3,999.00
₹3,999.00
₹449.00 with 89 percent savings
₹449.00
₹3,999.00
₹3,999.00|S
M
L
XL
2XL",3.6 out of 5 stars,"2,274 ratings"
Leriya Fashion Men's Formal Button Down Shirt – Slim Fit Office Wear Shirt's for Men | Textured Long Sleeve Cotton Blend | Business & Meeting Ready (Available in Plus Size and Combo Pack of 2),429,"₹439.00 with 78 percent savings
₹439.00
₹1,999.00
₹1,999.00
₹429.00 with 79 percent savings
₹429.00
₹1,999.00
₹1,999.00
₹449.00 with 78 percent savings
₹449.00
₹1,999.00
₹1,999.00
₹449.00 with 78 percent savings
₹449.00
₹1,999.00
₹1,999.00
₹445.00 with 78 percent savings
₹445.00
₹1,999.00
₹1,999.00
Currently unavailable.
See available options
See available options
See available options
Currently unavailable.
Currently unavailable.
See available options|Regular
Single Pack
Value Pack|XS
S
M
L
XL
2XL
3XL",3.8 out of 5 stars,"1,949 ratings"
Men's Regular Fit Poly Popcorn Casual Shirt,349,"₹349.00 with 65 percent savings
₹349.00
₹999.00
₹999.00
₹349.00 with 65 percent savings
₹349.00
₹999.00
₹999.00
₹349.00 with 49 percent savings
₹349.00
₹689.00
₹689.00
₹349.00 with 49 percent savings
₹349.00
₹689.00
₹689.00|M
L
XL",3.6 out of 5 stars,60 ratings
Pinkmint Men's Regular Fit Soft Cotton Blend Casual Combo Shirt with Pocket Design & Spread Collar Full Sleeves Formal Shirt,399,"₹399.00 with 80 percent savings
₹399.00
₹1,999.00
₹1,999.00
₹399.00 with 80 percent savings
₹399.00
₹1,999.00
₹1,999.00
₹399.00 with 80 percent savings
₹399.00
₹1,999.00
₹1,999.00
₹399.00 with 80 percent savings
₹399.00
₹1,999.00
₹1,999.00
₹399.00 with 80 percent savings
₹399.00
₹1,999.00
₹1,999.00
₹399.00 with 80 percent savings
₹399.00
₹1,999.00
₹1,999.00
₹399.00 with 80 percent savings
₹399.00
₹1,999.00
₹1,999.00
₹399.00 with 80 percent savings
₹399.00
₹1,999.00
₹1,999.00
₹399.00 with 80 percent savings
₹399.00
₹1,999.00
₹1,999.00
₹399.00 with 80 percent savings
₹399.00
₹1,999.00
₹1,999.00|S
M
L
XL
2XL",3.6 out of 5 stars,924 ratings
Urbano Fashion Men's Cotton Full Sleeve Regular Fit Casual Solid Shirt,623,"₹739.00 with 54 percent savings
₹739.00
₹1,599.00
₹1,599.00
₹623.00 with 61 percent savings
₹623.00
₹1,599.00
₹1,599.00
Currently unavailable.
₹559.00 with 65 percent savings
₹559.00
₹1,599.00
₹1,599.00
₹699.00 with 61 percent savings
₹699.00
₹1,799.00
₹1,799.00
Currently unavailable.
Currently unavailable.
₹639.00 with 60 percent savings
₹639.00
₹1,599.00
₹1,599.00
₹591.00 with 63 percent savings
₹591.00
₹1,599.00
₹1,599.00
₹699.00 with 56 percent savings
₹699.00
₹1,599.00
₹1,599.00
₹591.00 with 63 percent savings
₹591.00
₹1,599.00
₹1,599.00
₹591.00 with 63 percent savings
₹591.00
₹1,599.00
₹1,599.00
₹665.00 with 63 percent savings
₹665.00
₹1,799.00
₹1,799.00
₹623.00 with 61 percent savings
₹623.00
₹1,599.00
₹1,599.00|S
M
L
XL",3.7 out of 5 stars,78 ratings
Van Heusen Men's Cotton Slim Fit Solid Casual Shirt,"1,499","Currently unavailable.
₹1,499.00
₹1,499.00
₹782.00 with 48 percent savings
₹782.00
₹1,499.00
₹1,499.00
Currently unavailable.
₹749.00 with 50 percent savings
₹749.00
₹1,499.00
₹1,499.00
₹799.00 with 47 percent savings
₹799.00
₹1,499.00
₹1,499.00
₹784.00 with 48 percent savings
₹784.00
₹1,499.00
₹1,499.00|38
39
40
42
44
46",3.7 out of 5 stars,"2,151 ratings"
IndoPrimo Men's Regular Fit Fancy Double Pocket Casual Shirt for Men Full Sleeves - Cargo,499,"₹499.00 with 50 percent savings
₹499.00
₹999.00
₹999.00
₹499.00 with 75 percent savings
₹499.00
₹1,999.00
₹1,999.00
₹499.00 with 50 percent savings
₹499.00
₹999.00
₹999.00
₹499.00 with 50 percent savings
₹499.00
₹999.00
₹999.00
₹499.00 with 75 percent savings
₹499.00
₹1,999.00
₹1,999.00
₹499.00 with 50 percent savings
₹499.00
₹999.00
₹999.00
₹499.00 with 50 percent savings
₹499.00
₹999.00
₹999.00|S
M
L
XL
2XL",4.0 out of 5 stars,526 ratings
Amazon Brand - Symbol Men's Solid Cotton Formal Shirt | Plain | Full Sleeve - Regular Fit (Available in Plus Size and Combo Packs),599,"₹599.00 with 67 percent savings
₹599.00
₹1,799.00
₹1,799.00
₹599.00 with 67 percent savings
₹599.00
₹1,799.00
₹1,799.00
Currently unavailable.
Currently unavailable.
₹599.00 with 67 percent savings
₹599.00
₹1,799.00
₹1,799.00
₹599.00 with 65 percent savings
₹599.00
₹1,699.00
₹1,699.00
₹599.00 with 67 percent savings
₹599.00
₹1,799.00
₹1,799.00
₹599.00 with 65 percent savings
₹599.00
₹1,699.00
₹1,699.00
₹1,198.00 with 65 percent savings
₹1,198.00
₹3,398.00
₹3,398.00
₹1,198.00 with 67 percent savings
₹1,198.00
₹599.00 per count
(
₹599.00
₹599.00 / count)
₹3,598.00
₹3,598.00
₹599.00 with 63 percent savings
₹599.00
₹1,599.00
₹1,599.00|38
39
40
42
44
46
48
50
52
54",4.0 out of 5 stars,"9,129 ratings"
DEELMO Men's Stylish Solid Satin Casual Shirt for Men Full Sleeves| Poly Satin Silk Shirt,499,"₹499.00 with 72 percent savings
₹499.00
₹1,799.00
₹1,799.00
₹499.00 with 72 percent savings
₹499.00
₹1,799.00
₹1,799.00
₹499.00 with 72 percent savings
₹499.00
₹1,799.00
₹1,799.00
₹499.00 with 72 percent savings
₹499.00
₹1,799.00
₹1,799.00
₹499.00 with 72 percent savings
₹499.00
₹1,799.00
₹1,799.00
₹499.00 with 72 percent savings
₹499.00
₹1,799.00
₹1,799.00
₹499.00 with 72 percent savings
₹499.00
₹1,799.00
₹1,799.00
₹499.00 with 72 percent savings
₹499.00
₹1,799.00
₹1,799.00
₹499.00 with 72 percent savings
₹499.00
₹1,799.00
₹1,799.00
₹499.00 with 72 percent savings
₹499.00
₹1,799.00
₹1,799.00|S
M
L
XL
2XL",4.0 out of 5 stars,"1,002 ratings"
TAGDO Men's Solid Shirt with Chest Pocket Short Sleeve Shirt for Summer Outdoor Activities (5182),359,"₹359.00 with 74 percent savings
₹359.00
₹1,399.00
₹1,399.00
₹359.00 with 74 percent savings
₹359.00
₹1,399.00
₹1,399.00
₹359.00 with 74 percent savings
₹359.00
₹1,399.00
₹1,399.00
₹359.00 with 74 percent savings
₹359.00
₹1,399.00
₹1,399.00
₹359.00 with 74 percent savings
₹359.00
₹1,399.00
₹1,399.00|S
M
L
XL
2XL",3.9 out of 5 stars,"1,057 ratings"
The Indian Garage Co Men's Cotton Slim Fit Checkered Full Sleeves Cutaway Collar Casual Shirt,542,"₹595.00 with 66 percent savings
₹595.00
₹1,749.00
₹1,749.00
₹542.00 with 69 percent savings
₹542.00
₹1,749.00
₹1,749.00
₹542.00 with 69 percent savings
₹542.00
₹1,749.00
₹1,749.00
See available options|S
M
L
XL
2XL",4.1 out of 5 stars,384 ratings
Bellstone Men's Solid Regular Fit Dress Shirt,399,N/A,3.6 out of 5 stars,"2,212 ratings"
The Indian Garage Co Men's Cotton Regular Fit Checkered Full Sleeves Cutaway Collar Casual Shirt,542,"M
₹542.00 with 69 percent savings
₹542.00
₹1,749.00
₹1,749.00
L
₹542.00 with 69 percent savings
₹542.00
₹1,749.00
₹1,749.00
XL
₹542.00 with 69 percent savings
₹542.00
₹1,749.00
₹1,749.00
2XL
₹542.00 with 69 percent savings
₹542.00
₹1,749.00
₹1,749.00",4.1 out of 5 stars,96 ratings
FUNKY RICH Funkyrich® Textured Popcorn Shirts for Men || Casual Shirt for Men || Shirt for Men|| Men Stylish Half Sleeve Shirt || Men Fancy Shirt,399," 
 
 
 
 
 
 
 
 
 
 
 
 
 
 
 
 
 
 
 ",3.8 out of 5 stars,453 ratings
Majestic Man Men's Cotton Slim Fit Solid Casual Shirt,499," 
 
 
 
 
 
 
 
 
 
 
 
 
 
 
 
 
 
 
 
 
 
 ",3.7 out of 5 stars,"1,863 ratings"
Peter England Men's Solid Regular Fit Shirt,929,"38
₹1,199.00
₹1,199.00
39
₹929.00 with 23 percent savings
₹929.00
₹1,199.00
₹1,199.00
40
₹929.00 with 23 percent savings
₹929.00
₹1,199.00
₹1,199.00
42
₹929.00 with 23 percent savings
₹929.00
₹1,199.00
₹1,199.00
44
₹929.00 with 23 percent savings
₹929.00
₹1,199.00
₹1,199.00",4.1 out of 5 stars,123 ratings
Majestic Man Slim Fit Cotton Casual Check Shirt for Men,499,"₹499.00 with 67 percent savings
₹499.00
₹1,499.00
₹1,499.00
₹499.00 with 67 percent savings
₹499.00
₹1,499.00
₹1,499.00
₹499.00 with 67 percent savings
₹499.00
₹1,499.00
₹1,499.00
₹499.00 with 67 percent savings
₹499.00
₹1,499.00
₹1,499.00
₹499.00 with 67 percent savings
₹499.00
₹1,499.00
₹1,499.00
₹499.00 with 67 percent savings
₹499.00
₹1,499.00
₹1,499.00
₹499.00 with 67 percent savings
₹499.00
₹1,499.00
₹1,499.00
₹499.00 with 67 percent savings
₹499.00
₹1,499.00
₹1,499.00
₹499.00 with 67 percent savings
₹499.00
₹1,499.00
₹1,499.00
₹499.00 with 67 percent savings
₹499.00
₹1,499.00
₹1,499.00
₹499.00 with 67 percent savings
₹499.00
₹1,499.00
₹1,499.00
₹499.00 with 67 percent savings
₹499.00
₹1,499.00
₹1,499.00
₹499.00 with 67 percent savings
₹499.00
₹1,499.00
₹1,499.00
₹499.00 with 67 percent savings
₹499.00
₹1,499.00
₹1,499.00
₹499.00 with 67 percent savings
₹499.00
₹1,499.00
₹1,499.00
See available options
See available options|S
M
L
XL
2XL
3XL
4XL",3.9 out of 5 stars,"2,816 ratings"
U.S. POLO ASSN. Men's Solid Spread Collar Premium Cotton Oxford Tailored Fit Shirt,"1,319","₹2,199.00 with 4 percent savings
₹2,199.00
₹2,299.00
₹2,299.00
₹1,319.00 with 43 percent savings
₹1,319.00
₹2,299.00
₹2,299.00
₹1,166.78 with 49 percent savings
₹1,166.78
₹2,299.00
₹2,299.00
₹1,318.00 with 43 percent savings
₹1,318.00
₹2,299.00
₹2,299.00
₹1,166.00 with 49 percent savings
₹1,166.00
₹2,299.00
₹2,299.00
Currently unavailable.
Currently unavailable.
₹1,319.00 with 43 percent savings
₹1,319.00
₹2,299.00
₹2,299.00
Currently unavailable.|S
M
L
XL
2XL",4.1 out of 5 stars,467 ratings
Peter England Men's Cotton Slim Fit Ditsy Printed Full Sleeve Shirt,789," 
 
 
 
 
 
 
 
 
 
 
 
 
 
 
 
 
 
 
 
 
 
 
 
 
 
 ",4.1 out of 5 stars,369 ratings
"DAMENSCH Constant All-Degree Shirt for Men Full Sleeve, Pique Textured, Thermoregulating Cotton Blend Mens Casual, Recycled Fabric Stylish Shirts","1,601","₹1,691.00 with 6 percent savings
₹1,691.00
₹1,799.00
₹1,799.00
₹1,691.00 with 6 percent savings
₹1,691.00
₹1,799.00
₹1,799.00
₹1,601.00 with 11 percent savings
₹1,601.00
₹1,799.00
₹1,799.00
₹1,691.00 with 6 percent savings
₹1,691.00
₹1,799.00
₹1,799.00
₹1,313.00 with 27 percent savings
₹1,313.00
₹1,799.00
₹1,799.00
₹1,691.00 with 6 percent savings
₹1,691.00
₹1,799.00
₹1,799.00
₹1,691.00 with 6 percent savings
₹1,691.00
₹1,799.00
₹1,799.00
₹1,601.00 with 11 percent savings
₹1,601.00
₹1,799.00
₹1,799.00
₹1,691.00 with 6 percent savings
₹1,691.00
₹1,799.00
₹1,799.00
₹1,691.00 with 6 percent savings
₹1,691.00
₹1,799.00
₹1,799.00|S
M
L
XL
2XL",4.2 out of 5 stars,356 ratings
Louis Philippe Men's Easy to Care Cotton Slim fit Solid Casual Shirt with Natural Stretch,"1,289","₹1,309.00 with 43 percent savings
₹1,309.00
₹2,299.00
₹2,299.00
₹1,309.00 with 43 percent savings
₹1,309.00
₹2,299.00
₹2,299.00
₹1,299.00 with 43 percent savings
₹1,299.00
₹2,299.00
₹2,299.00
₹1,309.00 with 43 percent savings
₹1,309.00
₹2,299.00
₹2,299.00
₹1,289.00 with 44 percent savings
₹1,289.00
₹2,299.00
₹2,299.00
₹1,289.00 with 44 percent savings
₹1,289.00
₹2,299.00
₹2,299.00
₹1,298.00 with 41 percent savings
₹1,298.00
₹2,199.00
₹2,199.00
₹1,379.00 with 40 percent savings
₹1,379.00
₹2,299.00
₹2,299.00
₹1,356.00 with 41 percent savings
₹1,356.00
₹2,299.00
₹2,299.00|38
39
40
42
44",3.9 out of 5 stars,144 ratings
Peter England Men's Classic Checkered Formal Slim Fit Full Sleeve Shirt | Wonder Fabric | Cotton-Rich,699,"₹809.10 with 49 percent savings
₹809.10
₹1,599.00
₹1,599.00
₹809.10 with 49 percent savings
₹809.10
₹1,599.00
₹1,599.00
₹699.00 with 56 percent savings
₹699.00
₹1,599.00
₹1,599.00
₹809.10 with 49 percent savings
₹809.10
₹1,599.00
₹1,599.00|38
39
40
42
44
46",4.1 out of 5 stars,312 ratings
Levi's Men's Cotton Slim Fit Shirt,"1,199","₹1,424.00 with 43 percent savings
₹1,424.00
₹2,499.00
₹2,499.00
₹1,109.00 with 56 percent savings
₹1,109.00
₹2,499.00
₹2,499.00
Currently unavailable.
₹1,199.00 with 52 percent savings
₹1,199.00
₹2,499.00
₹2,499.00
₹999.00 with 60 percent savings
₹999.00
₹2,499.00
₹2,499.00
₹1,299.00 with 48 percent savings
₹1,299.00
₹2,499.00
₹2,499.00|S
M
L
XL
2XL",3.9 out of 5 stars,162 ratings
Majestic Man Men Small Checkered Slim Fit Cotton Casual Shirt,579,"₹579.00 with 61 percent savings
₹579.00
₹1,499.00
₹1,499.00
₹579.00 with 61 percent savings
₹579.00
₹1,499.00
₹1,499.00
₹579.00 with 61 percent savings
₹579.00
₹1,499.00
₹1,499.00
₹579.00 with 61 percent savings
₹579.00
₹1,499.00
₹1,499.00
₹579.00 with 61 percent savings
₹579.00
₹1,499.00
₹1,499.00
₹579.00 with 61 percent savings
₹579.00
₹1,499.00
₹1,499.00
₹579.00 with 61 percent savings
₹579.00
₹1,499.00
₹1,499.00
₹579.00 with 61 percent savings
₹579.00
₹1,499.00
₹1,499.00
₹579.00 with 61 percent savings
₹579.00
₹1,499.00
₹1,499.00
₹579.00 with 61 percent savings
₹579.00
₹1,499.00
₹1,499.00
See available options|S
M
L
XL
2XL
3XL
4XL",4.0 out of 5 stars,643 ratings
Peter England Men's Classic Slim Fit Full Sleeve Oxford Shirt | 100% Cotton,849,"₹849.00 with 50 percent savings
₹849.00
₹1,699.00
₹1,699.00
₹849.00 with 50 percent savings
₹849.00
₹1,699.00
₹1,699.00
₹899.00 with 47 percent savings
₹899.00
₹1,699.00
₹1,699.00
₹934.00 with 45 percent savings
₹934.00
₹1,699.00
₹1,699.00
See available options
See available options
See available options
See available options
See available options|38
39
40
42
44
46",4.0 out of 5 stars,482 ratings
Majestic Man Men Cotton Checkered Half Sleeve Slim Fit Casual Shirt,539,"₹539.00 with 64 percent savings
₹539.00
₹1,499.00
₹1,499.00
₹539.00 with 64 percent savings
₹539.00
₹1,499.00
₹1,499.00
₹539.00 with 64 percent savings
₹539.00
₹1,499.00
₹1,499.00
₹539.00 with 64 percent savings
₹539.00
₹1,499.00
₹1,499.00
₹539.00 with 64 percent savings
₹539.00
₹1,499.00
₹1,499.00
₹539.00 with 64 percent savings
₹539.00
₹1,499.00
₹1,499.00
₹539.00 with 64 percent savings
₹539.00
₹1,499.00
₹1,499.00
₹539.00 with 64 percent savings
₹539.00
₹1,499.00
₹1,499.00
₹539.00 with 64 percent savings
₹539.00
₹1,499.00
₹1,499.00
₹539.00 with 64 percent savings
₹539.00
₹1,499.00
₹1,499.00
₹539.00 with 64 percent savings
₹539.00
₹1,499.00
₹1,499.00
₹539.00 with 64 percent savings
₹539.00
₹1,499.00
₹1,499.00
₹539.00 with 64 percent savings
₹539.00
₹1,499.00
₹1,499.00|S
M
L
XL
2XL
3XL
4XL",4.1 out of 5 stars,691 ratings
Peter England Men's Slim Fit Full Sleeve Cotton Solid Casual Shirt with Pocket,839,"₹819.00 with 45 percent savings
₹819.00
₹1,499.00
₹1,499.00
₹839.00 with 44 percent savings
₹839.00
₹1,499.00
₹1,499.00
₹949.00 with 37 percent savings
₹949.00
₹1,499.00
₹1,499.00
See available options
₹794.00 with 47 percent savings
₹794.00
₹1,499.00
₹1,499.00|38
39
40
42
44
46",3.9 out of 5 stars,368 ratings
Raymond Men's Pure Cotton Structure Pattern Slim Fit Semi Cutaway Collar Full Sleeve Formal Shirt,"1,271","Currently unavailable.
₹1,271.00 with 47 percent savings
₹1,271.00
₹2,399.00
₹2,399.00
₹1,271.00 with 47 percent savings
₹1,271.00
₹2,399.00
₹2,399.00
₹1,196.00 with 50 percent savings
₹1,196.00
₹2,399.00
₹2,399.00
Currently unavailable.|38
39
40
42
44
46",3.2 out of 5 stars,6 ratings
Majestic Man Men Comfort Slim Fit Opaque Checked Cotton Casual Shirt,499,"₹499.00 with 67 percent savings
₹499.00
₹1,499.00
₹1,499.00
₹449.00 with 70 percent savings
₹449.00
₹1,499.00
₹1,499.00
₹449.00 with 70 percent savings
₹449.00
₹1,499.00
₹1,499.00
₹449.00 with 70 percent savings
₹449.00
₹1,499.00
₹1,499.00
₹449.00 with 70 percent savings
₹449.00
₹1,499.00
₹1,499.00
₹449.00 with 70 percent savings
₹449.00
₹1,499.00
₹1,499.00
₹499.00 with 67 percent savings
₹499.00
₹1,499.00
₹1,499.00
₹499.00 with 67 percent savings
₹499.00
₹1,499.00
₹1,499.00
₹449.00 with 70 percent savings
₹449.00
₹1,499.00
₹1,499.00
₹499.00 with 67 percent savings
₹499.00
₹1,499.00
₹1,499.00
₹499.00 with 67 percent savings
₹499.00
₹1,499.00
₹1,499.00
₹499.00 with 67 percent savings
₹499.00
₹1,499.00
₹1,499.00|S
M
L
XL
2XL
3XL
4XL",4.1 out of 5 stars,97 ratings
Allen Solly Men's Regular Fit Solid Half Sleeve Linen Casual Shirt,"1,393","₹1,299.00 with 50 percent savings
₹1,299.00
₹2,599.00
₹2,599.00
₹1,393.00 with 46 percent savings
₹1,393.00
₹2,599.00
₹2,599.00
₹1,301.00 with 50 percent savings
₹1,301.00
₹2,599.00
₹2,599.00
₹1,005.00 with 50 percent savings
₹1,005.00
₹1,999.00
₹1,999.00|38
39
40
42
44
48",3.7 out of 5 stars,5 ratings
Van Heusen Formal Micro Checkered Shirt for Men| Premium Cotton| Full Sleeves| Slim Fit |Breathable Fabric,999,"₹901.00 with 55 percent savings
₹901.00
₹1,999.00
₹1,999.00
₹1,000.00 with 50 percent savings
₹1,000.00
₹1,999.00
₹1,999.00
Currently unavailable.
₹985.00 with 51 percent savings
₹985.00
₹1,999.00
₹1,999.00
₹999.00 with 50 percent savings
₹999.00
₹1,999.00
₹1,999.00
₹999.00 with 50 percent savings
₹999.00
₹1,999.00
₹1,999.00|39
40
42
44
46",3.9 out of 5 stars,732 ratings
Allen Solly Men's Solid Regular Fit Shirt,926,"₹989.00 with 43 percent savings
₹989.00
₹1,749.00
₹1,749.00
₹1,039.00 with 44 percent savings
₹1,039.00
₹1,849.00
₹1,849.00
₹989.00 with 47 percent savings
₹989.00
₹1,849.00
₹1,849.00
₹926.00 with 50 percent savings
₹926.00
₹1,849.00
₹1,849.00
₹999.00 with 43 percent savings
₹999.00
₹1,749.00
₹1,749.00
₹999.00 with 46 percent savings
₹999.00
₹1,849.00
₹1,849.00|39
40
42
44
46",4.0 out of 5 stars,510 ratings
Raymond Men's Pure Cotton Solid Pattern Slim Fit Semi Cutaway Collar Full Sleeve Formal Shirt,799,"Currently unavailable.
₹799.00 with 60 percent savings
₹799.00
₹1,999.00
₹1,999.00
₹979.00 with 51 percent savings
₹979.00
₹1,999.00
₹1,999.00
₹899.00 with 55 percent savings
₹899.00
₹1,999.00
₹1,999.00|39
40
42
44
46",4.0 out of 5 stars,52 ratings
Van Heusen Formal Checkered Shirt for Men| Premium Cotton| Full Sleeves| Slim Fit |Breathable Fabric,999,"₹999.00 with 52 percent savings
₹999.00
₹2,099.00
₹2,099.00
₹999.00 with 52 percent savings
₹999.00
₹2,099.00
₹2,099.00
₹999.00 with 52 percent savings
₹999.00
₹2,099.00
₹2,099.00
Currently unavailable.
₹999.00 with 52 percent savings
₹999.00
₹2,099.00
₹2,099.00
₹999.00 with 52 percent savings
₹999.00
₹2,099.00
₹2,099.00
Currently unavailable.
₹999.00 with 52 percent savings
₹999.00
₹2,099.00
₹2,099.00
₹1,199.00 with 61 percent savings
₹1,199.00
₹3,099.00
₹3,099.00
₹999.00 with 52 percent savings
₹999.00
₹2,099.00
₹2,099.00
₹999.00 with 52 percent savings
₹999.00
₹2,099.00
₹2,099.00
Currently unavailable.
₹1,199.00 with 43 percent savings
₹1,199.00
₹2,099.00
₹2,099.00
₹1,199.00 with 43 percent savings
₹1,199.00
₹2,099.00
₹2,099.00
See available options
See available options|38
39
40
42
44
46",3.9 out of 5 stars,"1,926 ratings"
The Indian Garage Co Men's Cotton Slim Fit Checkered Full Sleeves Spread Collar Casual Shirt,542,"S
₹542.00 with 69 percent savings
₹542.00
₹1,749.00
₹1,749.00
M
₹542.00 with 69 percent savings
₹542.00
₹1,749.00
₹1,749.00
L
₹542.00 with 69 percent savings
₹542.00
₹1,749.00
₹1,749.00
XL
₹542.00 with 69 percent savings
₹542.00
₹1,749.00
₹1,749.00
2XL
₹542.00 with 69 percent savings
₹542.00
₹1,749.00
₹1,749.00",3.8 out of 5 stars,149 ratings
Peter England Men's Striped Slim Fit Shirt,899,"38
₹1,599.00
₹1,599.00
39
₹899.00 with 44 percent savings
₹899.00
₹1,599.00
₹1,599.00
40
₹899.00 with 44 percent savings
₹899.00
₹1,599.00
₹1,599.00
42
₹899.00 with 44 percent savings
₹899.00
₹1,599.00
₹1,599.00
44
₹1,599.00
₹1,599.00
46
₹1,599.00
₹1,599.00",3.9 out of 5 stars,58 ratings
U.S. Polo Assn Men's Cotton Tailored Fit. Oxford Stretch Spread Collar Casual Shirt,"2,499","₹2,499.00
₹2,499.00
₹2,499.00
₹2,499.00
₹2,499.00
₹2,499.00
₹2,499.00
₹2,499.00
₹2,499.00
₹2,499.00|S
M
L
XL
2XL
3XL
4XL
5XL",3.5 out of 5 stars,38 ratings
Van Heusen Men's 100% Cotton Slim Fit Checkered Solid Shirt,"1,000","Currently unavailable.
₹999.00 with 50 percent savings
₹999.00
₹1,999.00
₹1,999.00
Currently unavailable.
₹999.00 with 50 percent savings
₹999.00
₹1,999.00
₹1,999.00
₹999.00 with 50 percent savings
₹999.00
₹1,999.00
₹1,999.00
₹1,139.00 with 62 percent savings
₹1,139.00
₹2,999.00
₹2,999.00
₹1,000.00 with 50 percent savings
₹1,000.00
₹1,999.00
₹1,999.00|38
39
40
42
44
46",4.1 out of 5 stars,835 ratings
Lymio Regular Fit Shirt for Men|| Men Stylish Regular Fit Shirt (Resort-Slub),449,"₹449.00 with 89 percent savings
₹449.00
₹3,999.00
₹3,999.00
₹449.00 with 89 percent savings
₹449.00
₹3,999.00
₹3,999.00
₹449.00 with 89 percent savings
₹449.00
₹3,999.00
₹3,999.00
₹449.00 with 89 percent savings
₹449.00
₹3,999.00
₹3,999.00|S
M
L
XL
2XL",4.4 out of 5 stars,168 ratings
Lymio Shirt for Men|| Regular Fit Shirt for Men|| Men Stylish Shirt (Turkeys-Shirt),449,"₹449.00 with 85 percent savings
₹449.00
₹2,999.00
₹2,999.00
₹849.00 with 86 percent savings
₹849.00
₹5,999.00
₹5,999.00
₹849.00 with 86 percent savings
₹849.00
₹5,999.00
₹5,999.00
₹449.00 with 85 percent savings
₹449.00
₹2,999.00
₹2,999.00
₹449.00 with 85 percent savings
₹449.00
₹2,999.00
₹2,999.00
₹849.00 with 86 percent savings
₹849.00
₹5,999.00
₹5,999.00
₹449.00 with 85 percent savings
₹449.00
₹2,999.00
₹2,999.00|S
M
L
XL
2XL",4.3 out of 5 stars,137 ratings
Pinkmint Men's Solid Classic Fit Shirt,599,"₹599.00 with 70 percent savings
₹599.00
₹1,999.00
₹1,999.00
₹599.00 with 70 percent savings
₹599.00
₹1,999.00
₹1,999.00
₹599.00 with 70 percent savings
₹599.00
₹1,999.00
₹1,999.00
₹599.00 with 70 percent savings
₹599.00
₹1,999.00
₹1,999.00
₹599.00 with 70 percent savings
₹599.00
₹1,999.00
₹1,999.00
₹599.00 with 70 percent savings
₹599.00
₹1,999.00
₹1,999.00
₹599.00 with 70 percent savings
₹599.00
₹1,999.00
₹1,999.00
₹599.00 with 70 percent savings
₹599.00
₹1,999.00
₹1,999.00
₹599.00 with 70 percent savings
₹599.00
₹1,999.00
₹1,999.00
₹599.00 with 70 percent savings
₹599.00
₹1,999.00
₹1,999.00
₹599.00 with 70 percent savings
₹599.00
₹1,999.00
₹1,999.00|S
M
L
XL
2XL",3.5 out of 5 stars,455 ratings
Leriya Fashion Men's Casual Cotton Shirt – Button Down Summer Shirt's for Men | Lightweight Textured Fabric | Perfect for Daily & Weekend Wear (Available in Plus Size and Combo Pack of 2),379,"₹379.00 with 81 percent savings
₹379.00
₹1,999.00
₹1,999.00
₹379.00 with 81 percent savings
₹379.00
₹1,999.00
₹1,999.00
₹379.00 with 81 percent savings
₹379.00
₹1,999.00
₹1,999.00
₹379.00 with 81 percent savings
₹379.00
₹1,999.00
₹1,999.00
See available options
See available options|XS
S
M
L
XL
2XL",3.7 out of 5 stars,"2,935 ratings"
Peter England Men's Everyday Ditsy Print Slim Fit Full Sleeve Casual Shirt | 100% Cotton,899,"See available options
₹1,119.00 with 30 percent savings
₹1,119.00
₹1,599.00
₹1,599.00
₹1,119.00 with 30 percent savings
₹1,119.00
₹1,599.00
₹1,599.00
₹899.00 with 44 percent savings
₹899.00
₹1,599.00
₹1,599.00
₹852.90 with 47 percent savings
₹852.90
₹1,599.00
₹1,599.00
₹899.00 with 44 percent savings
₹899.00
₹1,599.00
₹1,599.00
₹899.00 with 44 percent savings
₹899.00
₹1,599.00
₹1,599.00
₹850.00 with 47 percent savings
₹850.00
₹1,599.00
₹1,599.00
₹858.00 with 46 percent savings
₹858.00
₹1,599.00
₹1,599.00
₹880.00 with 45 percent savings
₹880.00
₹1,599.00
₹1,599.00
₹1,044.00 with 35 percent savings
₹1,044.00
₹1,599.00
₹1,599.00
₹899.00 with 44 percent savings
₹899.00
₹1,599.00
₹1,599.00
₹784.00 with 51 percent savings
₹784.00
₹1,599.00
₹1,599.00
See available options|36
38
39
40
42
44
46
48",4.1 out of 5 stars,383 ratings
DEELMO Men's Casual Button Down Shirts Long Sleeve Linen Shirt Fashion Textured Beach Summer Shirt,380,"₹499.00 with 75 percent savings
₹499.00
₹1,999.00
₹1,999.00
₹499.00 with 71 percent savings
₹499.00
₹1,699.00
₹1,699.00
Currently unavailable.
₹499.00 with 75 percent savings
₹499.00
₹1,999.00
₹1,999.00
₹499.00 with 75 percent savings
₹499.00
₹1,999.00
₹1,999.00
₹499.00 with 75 percent savings
₹499.00
₹1,999.00
₹1,999.00
₹499.00 with 75 percent savings
₹499.00
₹1,999.00
₹1,999.00
₹499.00 with 75 percent savings
₹499.00
₹1,999.00
₹1,999.00
₹380.00 with 81 percent savings
₹380.00
₹1,999.00
₹1,999.00
₹380.00 with 78 percent savings
₹380.00
₹1,699.00
₹1,699.00
₹499.00 with 75 percent savings
₹499.00
₹1,999.00
₹1,999.00
₹499.00 with 75 percent savings
₹499.00
₹1,999.00
₹1,999.00|S
M
L
XL
2XL
3XL
4XL",4.3 out of 5 stars,378 ratings
Allen Solly Men's 100% Cotton Straight Fit Shirt,"1,079","38
₹1,453.00 with 19 percent savings
₹1,453.00
₹1,799.00
₹1,799.00
39
₹1,079.00 with 40 percent savings
₹1,079.00
₹1,799.00
₹1,799.00
40
₹1,079.00 with 40 percent savings
₹1,079.00
₹1,799.00
₹1,799.00
42
₹999.00 with 44 percent savings
₹999.00
₹1,799.00
₹1,799.00
44
₹1,257.00 with 32 percent savings
₹1,257.00
₹1,849.00
₹1,849.00",4.8 out of 5 stars,5 ratings
Peter England Men's Everyday Solid Slim Fit Full Sleeve Formal Shirt | Cotton-Rich,699,"₹699.00 with 50 percent savings
₹699.00
₹1,399.00
₹1,399.00
₹710.10 with 49 percent savings
₹710.10
₹1,399.00
₹1,399.00
₹699.00 with 50 percent savings
₹699.00
₹1,399.00
₹1,399.00
₹789.00 with 44 percent savings
₹789.00
₹1,399.00
₹1,399.00
₹789.00 with 44 percent savings
₹789.00
₹1,399.00
₹1,399.00
₹710.10 with 49 percent savings
₹710.10
₹1,399.00
₹1,399.00
₹699.00 with 50 percent savings
₹699.00
₹1,399.00
₹1,399.00
See available options
See available options
See available options
See available options
See available options|36
38
39
40
42
44
46",3.9 out of 5 stars,976 ratings
Peter England Men's Micro-Checkered Formal Slim Fit Full Sleeve Shirt | Cotton Rich,"1,009","₹1,268.00 with 30 percent savings
₹1,268.00
₹1,799.00
₹1,799.00
₹1,009.48 with 44 percent savings
₹1,009.48
₹1,799.00
₹1,799.00
₹966.00 with 46 percent savings
₹966.00
₹1,799.00
₹1,799.00
₹989.00 with 45 percent savings
₹989.00
₹1,799.00
₹1,799.00
₹1,009.00 with 44 percent savings
₹1,009.00
₹1,799.00
₹1,799.00
₹1,259.00 with 30 percent savings
₹1,259.00
₹1,799.00
₹1,799.00
₹1,009.00 with 44 percent savings
₹1,009.00
₹1,799.00
₹1,799.00
See available options
See available options|38
39
40
42
44
46",4.1 out of 5 stars,181 ratings
Arrow Men's Solid Full Sleeve Slim Fit Cutaway Collar Satin Formal Shirt,"1,309","₹1,281.00 with 42 percent savings
₹1,281.00
₹2,199.00
₹2,199.00
Currently unavailable.
₹1,309.00 with 40 percent savings
₹1,309.00
₹2,199.00
₹2,199.00
₹1,277.00 with 42 percent savings
₹1,277.00
₹2,199.00
₹2,199.00
₹1,049.00 with 52 percent savings
₹1,049.00
₹2,199.00
₹2,199.00
₹1,195.00 with 46 percent savings
₹1,195.00
₹2,199.00
₹2,199.00|38
39
40
42
44
46",4.0 out of 5 stars,376 ratings
Van Heusen Men's Cotton Solid Slim Fit Shirt,999,"Currently unavailable.
₹999.00 with 50 percent savings
₹999.00
₹1,999.00
₹1,999.00
Currently unavailable.
₹986.00 with 51 percent savings
₹986.00
₹1,999.00
₹1,999.00|38
39
40
42
44
46",3.8 out of 5 stars,371 ratings
Louis Philippe Men's Over Dyed Solid Premium Slim fit Casual Shirt with Washed Look & Soft Hand Feel,"1,139","₹1,159.00 with 42 percent savings
₹1,159.00
₹1,999.00
₹1,999.00
₹1,159.00 with 42 percent savings
₹1,159.00
₹1,999.00
₹1,999.00
₹1,194.00 with 40 percent savings
₹1,194.00
₹1,999.00
₹1,999.00
₹1,139.00 with 43 percent savings
₹1,139.00
₹1,999.00
₹1,999.00
₹1,139.00 with 43 percent savings
₹1,139.00
₹1,999.00
₹1,999.00
₹1,350.00 with 32 percent savings
₹1,350.00
₹1,999.00
₹1,999.00
₹1,139.00 with 43 percent savings
₹1,139.00
₹1,999.00
₹1,999.00
₹1,139.00 with 43 percent savings
₹1,139.00
₹1,999.00
₹1,999.00
₹1,139.00 with 43 percent savings
₹1,139.00
₹1,999.00
₹1,999.00
₹1,139.00 with 43 percent savings
₹1,139.00
₹1,999.00
₹1,999.00|39
40
42
44
46
48",3.8 out of 5 stars,240 ratings
The Indian Garage Co Men's Cotton Regular Fit Solid Full Sleeves Spread Collar Casual Shirt,542," 
 
 
 
 
 
 
 
 
 
 
 
 
 
 
 
 
 
 
 
 
 
 
 
 
 
 
 
 
 ",3.7 out of 5 stars,411 ratings
Louis Philippe Men's Cotton Solid Slim Fit Shirt,"1,479","₹1,479.00 with 43 percent savings
₹1,479.00
₹2,599.00
₹2,599.00
₹1,479.00 with 43 percent savings
₹1,479.00
₹2,599.00
₹2,599.00
₹1,459.00 with 44 percent savings
₹1,459.00
₹2,599.00
₹2,599.00
₹1,479.00 with 43 percent savings
₹1,479.00
₹2,599.00
₹2,599.00
₹1,479.00 with 43 percent savings
₹1,479.00
₹2,599.00
₹2,599.00
See available options|39
40
42",5.0 out of 5 stars,6 ratings
GRECIILOOKS Shirt for Men | Man Stylish | Printed | Men's Regular Fit Mens Casual | Formal | Man's Solid Slim Fit | Half Sleeve | Summer Outdoor Activities | Textured (Available in Plus Size and Combo Pack of 2),399,"₹399.00 with 80 percent savings
₹399.00
₹1,999.00
₹1,999.00
₹399.00 with 83 percent savings
₹399.00
₹2,299.00
₹2,299.00
See available options
See available options
See available options
₹399.00 with 84 percent savings
₹399.00
₹2,499.00
₹2,499.00
See available options
₹399.00 with 84 percent savings
₹399.00
₹2,499.00
₹2,499.00
₹399.00 with 84 percent savings
₹399.00
₹2,499.00
₹2,499.00
See available options|Casual
Single Pack
Value Pack|S
M
L
XL
2XL
3XL",4.0 out of 5 stars,961 ratings
Peter England Men's Everday Regular Fit Solid Shirt | Cotton Rich | 5-Pin Pocketing,789,"₹710.10 with 49 percent savings
₹710.10
₹1,399.00
₹1,399.00
₹710.10 with 49 percent savings
₹710.10
₹1,399.00
₹1,399.00
₹710.10 with 49 percent savings
₹710.10
₹1,399.00
₹1,399.00
₹789.00 with 44 percent savings
₹789.00
₹1,399.00
₹1,399.00
₹699.00 with 50 percent savings
₹699.00
₹1,399.00
₹1,399.00
₹699.00 with 50 percent savings
₹699.00
₹1,399.00
₹1,399.00
₹769.00 with 45 percent savings
₹769.00
₹1,399.00
₹1,399.00
See available options
See available options
See available options|36
38
39
40
42
44
46",4.1 out of 5 stars,701 ratings
Louis Philippe Men's Easy to Care Cotton Slim fit Striped Casual Shirt with Natural Stretch,"1,344.","₹1,429.00 with 43 percent savings
₹1,429.00
₹2,499.00
₹2,499.00
₹1,344.42 with 46 percent savings
₹1,344.42
₹2,499.00
₹2,499.00|39
40
42
44",3.3 out of 5 stars,3 ratings
CVC Men's Regular Fit Full Sleeve Poly Satin Silk Shirt,699," 
 
 
 
 
 
 
 
 
 
 
 
 
 
 
 
 
 
 
 ",3.7 out of 5 stars,"1,022 ratings"
IndoPrimo Men's Stylish Solid Satin Casual Shirt for Men Full Sleeve,499,"₹499.00 with 50 percent savings
₹499.00
₹999.00
₹999.00
₹499.00 with 50 percent savings
₹499.00
₹999.00
₹999.00
₹499.00 with 67 percent savings
₹499.00
₹1,499.00
₹1,499.00
₹499.00 with 50 percent savings
₹499.00
₹999.00
₹999.00
₹399.00
₹399.00
₹499.00 with 50 percent savings
₹499.00
₹999.00
₹999.00
₹499.00 with 50 percent savings
₹499.00
₹999.00
₹999.00
₹499.00 with 50 percent savings
₹499.00
₹999.00
₹999.00
₹499.00 with 50 percent savings
₹499.00
₹999.00
₹999.00
₹499.00 with 50 percent savings
₹499.00
₹999.00
₹999.00
₹499.00 with 50 percent savings
₹499.00
₹999.00
₹999.00
₹499.00 with 50 percent savings
₹499.00
₹999.00
₹999.00
₹499.00 with 67 percent savings
₹499.00
₹1,499.00
₹1,499.00
₹499.00 with 50 percent savings
₹499.00
₹999.00
₹999.00
₹499.00 with 50 percent savings
₹499.00
₹999.00
₹999.00
₹499.00 with 50 percent savings
₹499.00
₹999.00
₹999.00
₹499.00 with 50 percent savings
₹499.00
₹999.00
₹999.00
₹499.00 with 50 percent savings
₹499.00
₹999.00
₹999.00
₹499.00 with 50 percent savings
₹499.00
₹999.00
₹999.00
₹409.00 with 59 percent savings
₹409.00
₹999.00
₹999.00|S
M
L
XL
2XL",4.1 out of 5 stars,559 ratings
Peter England Men's Solid Regular Fit Shirt,929,"₹929.00 with 23 percent savings
₹929.00
₹1,199.00
₹1,199.00
See available options
See available options|36
38
39
40
42
44
48",4.1 out of 5 stars,305 ratings
Majestic Man Men's Comfort Slim Fit Pure Cotton Opaque Checked Casual Shirt,499,"₹499.00 with 67 percent savings
₹499.00
₹1,499.00
₹1,499.00
₹499.00 with 67 percent savings
₹499.00
₹1,499.00
₹1,499.00
₹499.00 with 67 percent savings
₹499.00
₹1,499.00
₹1,499.00
₹499.00 with 67 percent savings
₹499.00
₹1,499.00
₹1,499.00
₹499.00 with 67 percent savings
₹499.00
₹1,499.00
₹1,499.00
₹499.00 with 67 percent savings
₹499.00
₹1,499.00
₹1,499.00
₹499.00 with 67 percent savings
₹499.00
₹1,499.00
₹1,499.00
₹499.00 with 67 percent savings
₹499.00
₹1,499.00
₹1,499.00
₹499.00 with 67 percent savings
₹499.00
₹1,499.00
₹1,499.00
₹499.00 with 67 percent savings
₹499.00
₹1,499.00
₹1,499.00
₹499.00 with 67 percent savings
₹499.00
₹1,499.00
₹1,499.00
₹499.00 with 67 percent savings
₹499.00
₹1,499.00
₹1,499.00
₹399.00 with 73 percent savings
₹399.00
₹1,499.00
₹1,499.00
₹399.00 with 73 percent savings
₹399.00
₹1,499.00
₹1,499.00|S
M
L
XL
2XL
3XL
4XL",3.9 out of 5 stars,77 ratings
GRECIILOOKS Shirt for Men | Mens Casual Shirt | Men Stylish Shirt | Men Crochet Shirt | Men's Regular Fit | Men Formal Shirt | Men's Solid Slim Fit,499,"₹499.00 with 75 percent savings
₹499.00
₹1,999.00
₹1,999.00
Currently unavailable.
Currently unavailable.
See available options|S
M
L
XL
2XL
3XL",4.1 out of 5 stars,336 ratings
Allen Solly Men's Cotton Classic Fit Stripe Formal Shirt,989,"₹989.00 with 47 percent savings
₹989.00
₹1,849.00
₹1,849.00
₹989.00 with 47 percent savings
₹989.00
₹1,849.00
₹1,849.00
₹989.00 with 47 percent savings
₹989.00
₹1,849.00
₹1,849.00
See available options
See available options|38
39
40
42
44",4.2 out of 5 stars,44 ratings
Peter England Men's Regular Fit Full Sleeve Striped Formal Shirt | Cotton Rich | Wonder Fabric | Premium Dobby Weave,899,"₹899.00 with 44 percent savings
₹899.00
₹1,599.00
₹1,599.00
₹1,000.00 with 37 percent savings
₹1,000.00
₹1,599.00
₹1,599.00
₹899.00 with 44 percent savings
₹899.00
₹1,599.00
₹1,599.00|38
39
40
42
44
46",4.0 out of 5 stars,48 ratings
Lux Cozi Men's Half Sleeve Soild Casual Regular Fit T-Shirt with Chest Pocket | Polo Tshirt for Men,359,"₹349.00 with 12 percent savings
₹349.00
₹395.00
₹395.00
₹349.00 with 12 percent savings
₹349.00
₹395.00
₹395.00
₹359.00 with 9 percent savings
₹359.00
₹395.00
₹395.00
₹359.00 with 9 percent savings
₹359.00
₹395.00
₹395.00
See available options
₹359.00 with 9 percent savings
₹359.00
₹395.00
₹395.00
₹349.00 with 12 percent savings
₹349.00
₹395.00
₹395.00
₹359.00 with 9 percent savings
₹359.00
₹395.00
₹395.00
₹359.00 with 9 percent savings
₹359.00
₹395.00
₹395.00
₹359.00 with 9 percent savings
₹359.00
₹395.00
₹395.00
₹359.00 with 9 percent savings
₹359.00
₹395.00
₹395.00
₹359.00 with 9 percent savings
₹359.00
₹395.00
₹395.00
₹349.00 with 12 percent savings
₹349.00
₹395.00
₹395.00
₹359.00 with 9 percent savings
₹359.00
₹395.00
₹395.00
See available options
₹329.00 with 17 percent savings
₹329.00
₹395.00
₹395.00
₹329.00 with 17 percent savings
₹329.00
₹395.00
₹395.00
See available options|S
M
L
XL
2XL
3XL
4XL
5XL",3.9 out of 5 stars,"1,177 ratings"
Miraan Men's Cotton Regular Fit Casual Denim Shirt (SIGDENIMM),655,"₹655.00 with 76 percent savings
₹655.00
₹2,715.00
₹2,715.00
₹655.00 with 76 percent savings
₹655.00
₹2,715.00
₹2,715.00
₹655.00 with 76 percent savings
₹655.00
₹2,715.00
₹2,715.00|XS
S
M
L
XL
2XL
3XL
4XL
5XL
6XL
7XL",3.7 out of 5 stars,"2,356 ratings"
Louis Philippe Men's Cotton Regular Fit Solid All Day Comfort Effortless Ironing Shirt,"1,429","₹1,429.00 with 43 percent savings
₹1,429.00
₹2,499.00
₹2,499.00
₹1,429.00 with 43 percent savings
₹1,429.00
₹2,499.00
₹2,499.00|39
40
42",3.6 out of 5 stars,58 ratings
Raymond Slim Fit Pure Cotton Solid Pattern Semi Cut Away Collar Formal Shirt,877,"₹879.00 with 60 percent savings
₹879.00
₹2,199.00
₹2,199.00
₹877.00 with 60 percent savings
₹877.00
₹2,199.00
₹2,199.00
₹989.00 with 55 percent savings
₹989.00
₹2,199.00
₹2,199.00|39
40
42
44
46",4.4 out of 5 stars,12 ratings
Men's Solid Linen Cotton Shirt | Casual | Plain | Full Sleeve | Summer-Regular Fit| Men Stylish Shirt | Everyday Formal Wear,474,"₹499.00 with 75 percent savings
₹499.00
₹1,999.00
₹1,999.00
₹474.00 with 76 percent savings
₹474.00
₹1,999.00
₹1,999.00
₹498.00 with 75 percent savings
₹498.00
₹1,999.00
₹1,999.00
₹499.00 with 75 percent savings
₹499.00
₹1,999.00
₹1,999.00
₹499.00 with 75 percent savings
₹499.00
₹1,999.00
₹1,999.00
₹474.00 with 76 percent savings
₹474.00
₹1,999.00
₹1,999.00
₹499.00 with 75 percent savings
₹499.00
₹1,999.00
₹1,999.00
₹499.00 with 75 percent savings
₹499.00
₹1,999.00
₹1,999.00
₹499.00 with 75 percent savings
₹499.00
₹1,999.00
₹1,999.00
₹499.00 with 75 percent savings
₹499.00
₹1,999.00
₹1,999.00
₹474.00 with 76 percent savings
₹474.00
₹1,999.00
₹1,999.00
₹499.00 with 75 percent savings
₹499.00
₹1,999.00
₹1,999.00
₹474.00 with 76 percent savings
₹474.00
₹1,999.00
₹1,999.00|S
M
L
XL
2XL",2.6 out of 5 stars,145 ratings
Van Heusen Solid Casual Shirt for Men| Premium Cotton| Full Sleeves| Regular Fit |Breathable Fabric |,"1,199","Currently unavailable.
Currently unavailable.
Currently unavailable.
₹1,139.00 with 43 percent savings
₹1,139.00
₹1,999.00
₹1,999.00
Currently unavailable.
₹1,139.00 with 43 percent savings
₹1,139.00
₹1,999.00
₹1,999.00
₹1,199.00 with 40 percent savings
₹1,199.00
₹1,999.00
₹1,999.00
Currently unavailable.
Currently unavailable.
Currently unavailable.
₹1,129.00 with 44 percent savings
₹1,129.00
₹1,999.00
₹1,999.00|39
40
42
44",3.9 out of 5 stars,572 ratings
U-Turn Casual Shirt for Men || Shirt for Men Latest Stylish || Men Stylish Shirt || Men Printed Striped Shirt,398,"₹428.00 with 75 percent savings
₹428.00
₹1,699.00
₹1,699.00
₹398.00 with 77 percent savings
₹398.00
₹1,699.00
₹1,699.00
₹398.00 with 77 percent savings
₹398.00
₹1,699.00
₹1,699.00
See available options
See available options|S
M
L
XL
2XL",3.7 out of 5 stars,"1,113 ratings"
Van Heusen Men's Cotton Regular Fit Shirt,"1,959","39
₹2,799.00
₹2,799.00
40
₹2,799.00
₹2,799.00
42
₹1,959.00 with 30 percent savings
₹1,959.00
₹2,799.00
₹2,799.00
44
₹2,029.00 with 30 percent savings
₹2,029.00
₹2,899.00
₹2,899.00
46
₹2,899.00
₹2,899.00",4.7 out of 5 stars,11 ratings
Peter England Men's Slim Fit Full Sleeve Checkered Casual Shirt | 100% Cotton | Premium Twill Weave,989,"₹1,259.00 with 30 percent savings
₹1,259.00
₹1,799.00
₹1,799.00
₹989.00 with 45 percent savings
₹989.00
₹1,799.00
₹1,799.00
₹1,349.00 with 25 percent savings
₹1,349.00
₹1,799.00
₹1,799.00
₹908.10 with 50 percent savings
₹908.10
₹1,799.00
₹1,799.00
₹909.00 with 49 percent savings
₹909.00
₹1,799.00
₹1,799.00
See available options
₹1,259.00 with 30 percent savings
₹1,259.00
₹1,799.00
₹1,799.00|38
39
40
42
44
46",4.0 out of 5 stars,349 ratings
BE ACTIVE Men's Solid Slim Fit Cotton Casual Shirt || Men Stylish Shirt || Spread Collar & Full Sleeves,789,"₹657.00 with 74 percent savings
₹657.00
₹2,499.00
₹2,499.00
₹789.00 with 68 percent savings
₹789.00
₹2,499.00
₹2,499.00
₹789.00 with 47 percent savings
₹789.00
₹1,499.00
₹1,499.00
See available options|S
M
L
XL
2XL",3.3 out of 5 stars,280 ratings
Lymio Casual Regular Fit Shirt for Men|| Regular Fit Shirt for Men|| Men Stylish Regular Fit Shirt (D-Crush 16-23),399,"₹399.00 with 90 percent savings
₹399.00
₹3,999.00
₹3,999.00
₹399.00 with 90 percent savings
₹399.00
₹3,999.00
₹3,999.00
₹399.00 with 90 percent savings
₹399.00
₹3,999.00
₹3,999.00
₹399.00 with 90 percent savings
₹399.00
₹3,999.00
₹3,999.00
₹399.00 with 87 percent savings
₹399.00
₹2,999.00
₹2,999.00
₹399.00 with 90 percent savings
₹399.00
₹3,999.00
₹3,999.00
Currently unavailable.
₹399.00 with 90 percent savings
₹399.00
₹3,999.00
₹3,999.00|S
M
L
XL
2XL",3.6 out of 5 stars,"3,568 ratings"
Peter England Men's Cotton Regular Fit Shirt,966,"₹966.00 with 46 percent savings
₹966.00
₹1,799.00
₹1,799.00
See available options
See available options
See available options
See available options|38
39
40
42
44
46",4.0 out of 5 stars,54 ratings
Peter England Men's Premium Solid Herringbone Regular Fit Full Sleeve Formal Shirt | Wonder Fabric | Cotton Rich,899,"₹899.00 with 44 percent savings
₹899.00
₹1,599.00
₹1,599.00
₹958.31 with 40 percent savings
₹958.31
₹1,599.00
₹1,599.00
₹879.00 with 45 percent savings
₹879.00
₹1,599.00
₹1,599.00
₹1,599.00
₹1,599.00
₹879.00 with 45 percent savings
₹879.00
₹1,599.00
₹1,599.00
₹1,599.00
₹1,599.00
₹1,199.00 with 25 percent savings
₹1,199.00
₹1,599.00
₹1,599.00
₹899.00 with 44 percent savings
₹899.00
₹1,599.00
₹1,599.00|38
39
40
42
44
46",3.9 out of 5 stars,109 ratings
Allen Solly Men's 100% Cotton Slim Fit Shirt,879,"Currently unavailable.
Currently unavailable.
₹879.00 with 45 percent savings
₹879.00
₹1,599.00
₹1,599.00
₹879.00 with 45 percent savings
₹879.00
₹1,599.00
₹1,599.00
₹889.00 with 44 percent savings
₹889.00
₹1,599.00
₹1,599.00
₹833.23 with 48 percent savings
₹833.23
₹1,599.00
₹1,599.00
₹879.00 with 45 percent savings
₹879.00
₹1,599.00
₹1,599.00
₹879.00 with 37 percent savings
₹879.00
₹1,399.00
₹1,399.00
See available options|38
39
40
42
44",3.9 out of 5 stars,"7,873 ratings"
Levi's Men's Cotton Slim Fit Shirt,"1,403","Currently unavailable.
₹1,403.00 with 48 percent savings
₹1,403.00
₹2,699.00
₹2,699.00
₹1,403.00 with 48 percent savings
₹1,403.00
₹2,699.00
₹2,699.00
Currently unavailable.
₹1,403.00 with 48 percent savings
₹1,403.00
₹2,699.00
₹2,699.00
₹1,349.00 with 50 percent savings
₹1,349.00
₹2,699.00
₹2,699.00|S
M
L
XL
2XL
3XL",4.0 out of 5 stars,123 ratings
Peter England Men's Cotton Regular Fit Shirt,"1,199","38
₹1,199.00
₹1,199.00
39
₹1,199.00
₹1,199.00
40
₹1,199.00
₹1,199.00
42
₹1,199.00
₹1,199.00
44
₹1,199.00
₹1,199.00
46
₹1,199.00
₹1,199.00",4.0 out of 5 stars,98 ratings
Peter England Men's Cotton Regular Fit Shirt,"1,199","38
₹1,199.00
₹1,199.00
39
₹1,199.00
₹1,199.00
40
₹1,199.00
₹1,199.00
42
₹1,199.00
₹1,199.00
44
₹1,199.00
₹1,199.00
46
₹1,199.00
₹1,199.00
48
Currently unavailable.
50
Currently unavailable.",4.0 out of 5 stars,140 ratings
Amazon Brand - Symbol Men's Cotton Shirt | Casual | Plain | Full Sleeve | Summer - Regular Fit (Available in Plus Size and Combo Packs),549,"₹549.00 with 63 percent savings
₹549.00
₹1,499.00
₹1,499.00
₹549.00 with 63 percent savings
₹549.00
₹1,499.00
₹1,499.00
Currently unavailable.
Currently unavailable.
₹549.00 with 63 percent savings
₹549.00
₹1,499.00
₹1,499.00
₹549.00 with 69 percent savings
₹549.00
₹1,799.00
₹1,799.00
₹549.00 with 63 percent savings
₹549.00
₹1,499.00
₹1,499.00
₹549.00 with 61 percent savings
₹549.00
₹1,399.00
₹1,399.00
₹549.00 with 73 percent savings
₹549.00
₹1,999.00
₹1,999.00
₹549.00 with 71 percent savings
₹549.00
₹1,899.00
₹1,899.00
₹549.00 with 63 percent savings
₹549.00
₹1,499.00
₹1,499.00
₹549.00 with 63 percent savings
₹549.00
₹1,499.00
₹1,499.00
₹1,098.00 with 63 percent savings
₹1,098.00
₹549.00 per count
(
₹549.00
₹549.00 / count)
₹2,998.00
₹2,998.00|S
M
L
XL
2XL
3XL
4XL
5XL
6XL
7XL",3.8 out of 5 stars,"7,350 ratings"
