title,author,upvotes,comments,url,time
"Lad wrote a Python script to download Alexa voice recordings, he didn't expect this email.",iEslam,12342,133,https://www.reddit.com/r/Python/comments/g53lxf/lad_wrote_a_python_script_to_download_alexa_voice/,2020-04-20T23:11:39.376Z
This post has:,Krukerfluk,9236,433,https://www.reddit.com/r/Python/comments/hoolsm/this_post_has/,2020-07-10T13:06:13.525Z
I redesign the Python logo to make it more modern,jessjwilliamson,7864,263,https://www.reddit.com/r/Python/comments/gftejm/i_redesign_the_python_logo_to_make_it_more_modern/,2020-05-08T13:39:09.354Z
Automate the boring stuff with python - tinder,backprop88,6722,325,https://www.reddit.com/r/Python/comments/7kpme8/automate_the_boring_stuff_with_python_tinder/,2017-12-19T00:47:56.778Z
"I'm excited to share my first published book, Introduction to Python Programming for Business and Social Science Applications -- specifically geared towards students not specifically in computer science",paulkaefer,6503,248,https://www.reddit.com/r/Python/comments/irh8l0/im_excited_to_share_my_first_published_book/,2020-09-12T17:53:16.487Z
Drawing Mona Lisa with 256 circles using evolution [Github repo in comments],Itwist101,5722,120,https://www.reddit.com/r/Python/comments/gn9add/drawing_mona_lisa_with_256_circles_using/,2020-05-20T10:58:14.611Z
I made a simulation using Python in which a neural network learns to race,atqm-,5691,211,https://www.reddit.com/r/Python/comments/hqc7ol/i_made_a_simulation_using_python_in_which_a/,2020-07-13T09:27:37.743Z
"Thanks to everyoneâ€™s advice, my mouse drawing algorithm has gotten much better and faster!",Nekose,5543,201,https://www.reddit.com/r/Python/comments/ghxqod/thanks_to_everyones_advice_my_mouse_drawing/,2020-05-11T22:14:39.516Z
Debugging Cheat Sheet,HotTeenBoy,5452,111,https://www.reddit.com/r/Python/comments/iehths/debugging_cheat_sheet/,2020-08-22T12:47:04.140Z
Just trying to create a orbit system in python and this happened...,LAMagicx,5173,359,https://www.reddit.com/r/Python/comments/dg0etx/just_trying_to_create_a_orbit_system_in_python/,2019-10-10T16:21:30.902Z
Dev'ing an app to help visualize data from any matplotlib figure,professormunchies,5073,157,https://www.reddit.com/r/Python/comments/gbko3e/deving_an_app_to_help_visualize_data_from_any/,2020-05-01T15:54:41.405Z
I've designed brand new cheatsheets (x2) and handouts (x3) for matplotlib,Nicolas-Rougier,5034,106,https://www.reddit.com/r/Python/comments/hmoabi/ive_designed_brand_new_cheatsheets_x2_and/,2020-07-07T05:10:27.871Z
"I am a medical student, and I recently programmed an open-source eye-tracker for brain research",Sebaron,4958,194,https://www.reddit.com/r/Python/comments/hpr28u/i_am_a_medical_student_and_i_recently_programmed/,2020-07-12T08:29:10.162Z
"MS is considering official Python integration with Excel, and is asking for input",Chilangosta,4620,388,https://www.reddit.com/r/Python/comments/7jti46/ms_is_considering_official_python_integration/,2017-12-14T18:24:25.972Z
Python 3 in One Pic,TheInsaneApp,4586,167,https://www.reddit.com/r/Python/comments/gzila7/python_3_in_one_pic/,2020-06-09T07:52:27.359Z
I've made a 3D scanner that's fully automated using Python script on Android phone!,redditNewUser2017,4531,86,https://www.reddit.com/r/Python/comments/f55076/ive_made_a_3d_scanner_thats_fully_automated_using/,2020-02-17T07:12:31.723Z
I made a little program that mutes spotify ads because i dont have the money to get premium . Not anything special but i think its quite neat. Any ideas on cool python projects i can build ?,IMFAILINGENGLISH,4455,337,https://www.reddit.com/r/Python/comments/ga7y7f/i_made_a_little_program_that_mutes_spotify_ads/,2020-04-29T11:46:06.328Z
The only way to satisfy a programmer on his birthday!,kookeo,4444,233,https://www.reddit.com/r/Python/comments/hg9sk8/the_only_way_to_satisfy_a_programmer_on_his/,2020-06-26T15:34:38.886Z
Python's response to MATLAB,Alexanderdaawesome,4286,376,https://www.reddit.com/r/Python/comments/cmdbuf/pythons_response_to_matlab/,2019-08-05T16:38:00.302Z
Laid off for 8 weeks. Anyone else starting their python journey?,HotSwap_,4249,313,https://www.reddit.com/r/Python/comments/fjqoxv/laid_off_for_8_weeks_anyone_else_starting_their/,2020-03-16T19:23:03.876Z
[Beginnerâ€™s Guide] How to start programming in Python,MrGrj,4205,115,https://www.reddit.com/r/Python/comments/fr5561/beginners_guide_how_to_start_programming_in_python/,2020-03-29T12:26:47.135Z
Python Cheet Sheet for begineers,winner_godson,4196,124,https://www.reddit.com/r/Python/comments/7mwgtw/python_cheet_sheet_for_begineers/,2017-12-29T19:34:05.344Z
A Python GUI for uninstalling the default Windows 10 apps.,Goldtom,4158,199,https://www.reddit.com/r/Python/comments/gs7xdb/a_python_gui_for_uninstalling_the_default_windows/,2020-05-28T15:06:43.278Z
"A tool that copies a selected area of your screen, not as a picture, but as pastable text (GitHub in comments)",PR0T064,4126,189,https://www.reddit.com/r/Python/comments/goldxf/a_tool_that_copies_a_selected_area_of_your_screen/,2020-05-22T15:26:51.994Z
"Python project that answers high-school problems almost instantly. Made using Tesseract, Scrapy and Flask.",Ani171202,4046,227,https://www.reddit.com/r/Python/comments/f35yg0/python_project_that_answers_highschool_problems/,2020-02-13T06:47:33.521Z
Thought this looked familiar...,GrizzlyBaird2112,3940,37,https://www.reddit.com/r/Python/comments/hu4umj/thought_this_looked_familiar/,2020-07-19T18:01:40.934Z
"PrettyErrors, a module to format exception reports",-sideshow-,3936,167,https://www.reddit.com/r/Python/comments/jui7zw/prettyerrors_a_module_to_format_exception_reports/,2020-11-15T07:36:29.789Z
Finished a program that draws images with epicycles!,OutOfTempo_,3926,147,https://www.reddit.com/r/Python/comments/gvnyx5/finished_a_program_that_draws_images_with/,2020-06-03T05:42:43.344Z
Python in a nutshell (Had to do it),Asryk,3865,113,https://www.reddit.com/r/Python/comments/hrvxrd/python_in_a_nutshell_had_to_do_it/,2020-07-15T20:57:02.980Z
I wrote a Python program to play Google Dinosaur Game using Gesture Recognition,toastyCSboi,3862,116,https://www.reddit.com/r/Python/comments/er9q4h/i_wrote_a_python_program_to_play_google_dinosaur/,2020-01-20T07:05:04.099Z
"I made an AI opponent for lesser known board game - Chain Reaction. Apparently, it plays better than me!",randBrownGuy,3853,170,https://www.reddit.com/r/Python/comments/gjlcyp/i_made_an_ai_opponent_for_lesser_known_board_game/,2020-05-14T12:26:00.623Z
End-to-End Self Driving Car - Need For Speed,Gautam-j,3810,262,https://www.reddit.com/r/Python/comments/iwt09a/endtoend_self_driving_car_need_for_speed/,2020-09-21T03:52:04.849Z
My Professor wants hand written assignments. So I made MyhandWriting.. that can write in myway on a A4 sheet paper.,bugboy404,3780,354,https://www.reddit.com/r/Python/comments/g5bbss/my_professor_wants_hand_written_assignments_so_i/,2020-04-21T08:16:44.566Z
So I made a Python and Arduino project that dynamically changes sets the ambient lighting to match the computed dominant color values from the wallpapers.,mshoaib9711,3747,173,https://www.reddit.com/r/Python/comments/glzol8/so_i_made_a_python_and_arduino_project_that/,2020-05-18T11:26:11.748Z
"I am excited to share my 8th published book, Python 101, geared for beginners and intermediate level readers",driscollis,3742,133,https://www.reddit.com/r/Python/comments/isbjm4/i_am_excited_to_share_my_8th_published_book/,2020-09-14T01:48:41.748Z
This great message,SuperZooper3,3648,101,https://www.reddit.com/r/Python/comments/j5a2ih/this_great_message/,2020-10-05T00:47:07.858Z
Should r/Python participate in the June 12th Blackout protesting the API changes,IAmKindOfCreative,3615,335,https://www.reddit.com/r/Python/comments/1434dxo/should_rpython_participate_in_the_june_12th/,2023-06-07T05:29:21.805Z
The Python Mega Course is now free on Udemy,Ardit-Sulce,3470,200,https://www.reddit.com/r/Python/comments/yyi6xv/the_python_mega_course_is_now_free_on_udemy/,2022-11-18T11:48:22.108Z
I'm developing a game with Python and Pygame!,DaFluffyPotato,3457,214,https://www.reddit.com/r/Python/comments/ggt5ld/im_developing_a_game_with_python_and_pygame/,2020-05-10T02:31:23.082Z
I made an Instagram Bot to make DeepFakes for everyone! @deepfake.maker,dome271,3408,138,https://www.reddit.com/r/Python/comments/izspe0/i_made_an_instagram_bot_to_make_deepfakes_for/,2020-09-25T21:42:11.800Z
I finished my Python Ray Tracer capable of rendering refraction and thin film interference!,cenit997,3387,106,https://www.reddit.com/r/Python/comments/i9q4dx/i_finished_my_python_ray_tracer_capable_of/,2020-08-14T17:20:14.644Z
This post has,[deleted],3356,277,https://www.reddit.com/r/Python/comments/iiamfv/this_post_has/,2020-08-28T16:47:05.108Z
Made a Screen Dimmer based on Facial Recognition with OpenCV and AppleScript!,LAcuber,3331,132,https://www.reddit.com/r/Python/comments/h9bfe4/made_a_screen_dimmer_based_on_facial_recognition/,2020-06-15T07:34:55.814Z
"A Program that acts as an ""invisibility cloak""... It camouflages any person/object that appears in front of the camera.... Sorry for the colour jitteringðŸ™ˆ",Mayank008,3329,120,https://www.reddit.com/r/Python/comments/hnknw0/a_program_that_acts_as_an_invisibility_cloak_it/,2020-07-08T16:53:43.030Z
"We started late, but we managed to leave Python footprint on r/place!",rubickcz,3309,75,https://www.reddit.com/r/Python/comments/63dkmq/we_started_late_but_we_managed_to_leave_python/,2017-04-04T11:40:55.835Z
An update on Python 4,anyfactor,3272,389,https://www.reddit.com/r/Python/comments/itzn13/an_update_on_python_4/,2020-09-16T17:02:08.153Z
hashtags,Williamismijnnaam,3232,112,https://www.reddit.com/r/Python/comments/e2234a/hashtags/,2019-11-26T18:26:29.533Z
Got my first job as a developer!,Paradoggs,3225,250,https://www.reddit.com/r/Python/comments/hv2vds/got_my_first_job_as_a_developer/,2020-07-21T07:10:10.885Z
Recursively flipping and rotating an image. Python source code in comments!,rvizzz,3211,60,https://www.reddit.com/r/Python/comments/j3hq21/recursively_flipping_and_rotating_an_image_python/,2020-10-01T21:28:14.537Z
I released the Code for the Instagram DeepFake Bot!,dome271,3204,87,https://www.reddit.com/r/Python/comments/j2ai2r/i_released_the_code_for_the_instagram_deepfake_bot/,2020-09-29T23:12:54.046Z
