title,channel,views,upload_date,url
Python Full Course for Beginners [2025],"Programming with Mosh
  
  
  
    Programming with Mosh
  




  Verified",1.6M views,4 months ago,https://www.youtube.com/watch?v=K5KVEU3aaeQ&pp=ygUGUHl0aG9u
Python Full Course for Beginners,"Programming with Mosh
  
  
  
    Programming with Mosh
  




  Verified",44M views,6 years ago,https://www.youtube.com/watch?v=_uQrJ0TkZlc&pp=ygUGUHl0aG9u
Python Tutorial - Python Full Course for Beginners in Tamil,"Error Makes Clever
  
  
  
    Error Makes Clever",5.5M views,1 year ago,https://www.youtube.com/watch?v=m67-bOpOoPU&pp=ygUGUHl0aG9u
Python Tutorial For Beginners in Hindi | Complete Python Course üî•,"CodeWithHarry
  
  
  
    CodeWithHarry
  




  Verified",9.7M views,1 year ago,https://www.youtube.com/watch?v=UrsmFxEIp5k&pp=ygUGUHl0aG9u
Python Full Course for free üêç (2024),"Bro Code
  
  
  
    Bro Code
  




  Verified",4.8M views,10 months ago,https://www.youtube.com/watch?v=ix9cRaBkVe0&pp=ygUGUHl0aG9u
Object Oriented Programming with Python - Full Course for Beginners,"freeCodeCamp.org
  
  
  
    freeCodeCamp.org
  




  Verified",2.1M views,3 years ago,https://www.youtube.com/watch?v=Ej_02ICOIgs&pp=ygUGUHl0aG9u
Best Programming Language for DSA in 2025 üî• (My Honest Opinion) | Python vs C++ vs Java#dsa,"College Buddy
  
  
  
    College Buddy",224 views,22 hours ago,https://www.youtube.com/watch?v=GLoI6iIvEA4&pp=ygUGUHl0aG9u
Python Tutorial for Beginners - Full Course (with Notes & Practice Questions),"Apna College
  
  
  
    Apna College
  




  Verified",7.8M views,1 year ago,https://www.youtube.com/watch?v=ERCMXc8x7mc&pp=ygUGUHl0aG9u
GOT7 'PYTHON' MV,"GOT7
  
  
  
    GOT7",25M views,5 months ago,https://www.youtube.com/watch?v=4d5C_PQl8Tg&pp=ygUGUHl0aG9u
Do THIS instead of watching endless tutorials - how I‚Äôd learn Python FAST‚Ä¶,"Tech With Tim
  
  
  
    Tech With Tim
  




  Verified",118K views,1 month ago,https://www.youtube.com/watch?v=mB0EBW-vDSQ&pp=ygUGUHl0aG9u
GOT7 'PYTHON' MV (Performance ver.),"GOT7
  
  
  
    GOT7",3.4M views,4 months ago,https://www.youtube.com/watch?v=Pss9bjQYToM&pp=ygUGUHl0aG9u0gcJCdAJAYcqIYzv
"Making the Same Game in Python, Lua, and JavaScript","Goodgis
  
  
  
    Goodgis
  




  Verified",126K views,1 month ago,https://www.youtube.com/watch?v=KPq6VswMsPY&pp=ygUGUHl0aG9u
Learn Python - Full Course for Beginners [Tutorial],"freeCodeCamp.org
  
  
  
    freeCodeCamp.org
  




  Verified",46M views,6 years ago,https://www.youtube.com/watch?v=rfscVS0vtbw&pp=ygUGUHl0aG9u
How to Run Python in Visual Studio Code on Windows 10/11 [ 2025 Update ] Python in VSCode,"Geeky Script
  
  
  
    Geeky Script
  




  Verified",88K views,5 months ago,https://www.youtube.com/watch?v=mIVB-SNycKI&pp=ygUGUHl0aG9u
Python Full Course - 12 Hours | Python For Beginners - Full Course | Python Tutorial | Edureka,"edureka!
  
  
  
    edureka!
  




  Verified",6.7M views,5 years ago,https://www.youtube.com/watch?v=WGJJIrtnfpk&pp=ygUGUHl0aG9u0gcJCdAJAYcqIYzv
Python for Data Analytics - Full Course for Beginners,"Luke Barousse
  
  
  
    Luke Barousse
  




  Verified",743K views,1 year ago,https://www.youtube.com/watch?v=wUSDVGivd-8&pp=ygUGUHl0aG9u
Python for Beginners - Learn Coding with Python in 1 Hour,"Programming with Mosh
  
  
  
    Programming with Mosh
  




  Verified",22M views,4 years ago,https://www.youtube.com/watch?v=kqtD5dpn9C8&pp=ygUGUHl0aG9u
Python Full Course For Beginners| Job Ready Python Course by Sagar Chouksey üî•,"Coding With Sagar
  
  
  
    Coding With Sagar",257K views,4 months ago,https://www.youtube.com/watch?v=gPvYox9JIYI&pp=ygUGUHl0aG9u0gcJCdAJAYcqIYzv
Complete C++ Tutorial in One Shot 2023 | Beginner To Advance | Basics Of C++ Programming,"College Wallah
  
  
  
    College Wallah
  




  Verified",3.8M views,1 year ago,https://www.youtube.com/watch?v=e7sAf4SbS_g&pp=ygUGUHl0aG9u
C# Tutorial In Hindi,"CodeWithHarry
  
  
  
    CodeWithHarry
  




  Verified",2.3M views,5 years ago,https://www.youtube.com/watch?v=SuLiu5AK9Ps&pp=ygUGUHl0aG9u
SQL - Complete Course in 3 Hours | SQL One Shot using MySQL,"Apna College
  
  
  
    Apna College
  




  Verified",13M views,1 year ago,https://www.youtube.com/watch?v=hlGoQC332VM&pp=ygUGUHl0aG9u
Lecture 6 : Functions & Recursion in Python | Python Full Course,"Shradha Khapra
  
  
  
    Shradha Khapra",1.2M views,1 year ago,https://www.youtube.com/watch?v=OvTH-7ESoRA&pp=ygUGUHl0aG9u
Python Tutorial for Beginners - Learn Python in 5 Hours [FULL COURSE],"TechWorld with Nana
  
  
  
    TechWorld with Nana",6.3M views,4 years ago,https://www.youtube.com/watch?v=t8pPdKYpowI&pp=ygUGUHl0aG9u
Python Full Course‚ù§Ô∏è | Variables & Data Types | Lecture 1,"Shradha Khapra
  
  
  
    Shradha Khapra",8.3M views,1 year ago,https://www.youtube.com/watch?v=t2_Q2BRzeEE&pp=ygUGUHl0aG9u
üî•Salary of Python Developer | Python Developer ki Salary | #Simplilearn #Shorts,"Simplilearn
  
  
  
    Simplilearn
  




  Verified",653K views,5 months ago,https://www.youtube.com/shorts/s6LtqKr28wA
How to Run Python in Visual Studio Code on Windows 10 [2022] | Run Sample Python Program,"Amit Thinks
  
  
  
    Amit Thinks
  




  Verified",1.4M views,3 years ago,https://www.youtube.com/watch?v=zk5qOQBvuK4&pp=ygUGUHl0aG9u0gcJCdAJAYcqIYzv
Java vs Python: Which Language Should You Learn in 2025?  #shorts #java #python,"Error Makes Clever
  
  
  
    Error Makes Clever",703K views,6 months ago,https://www.youtube.com/shorts/zDgaUzJX5RU
Amazing Rotating Python Graphics Design using Turtle üê¢ #python #pythonshorts #coding #viral #design,"DEV19
  
  
  
    DEV19",1.5M views,2 years ago,https://www.youtube.com/shorts/P5An-rTtM_k
How to create graphics using Python turtle üêçüê¢ #coding,"Fun with Python
  
  
  
    Fun with Python",1.6M views,2 years ago,https://www.youtube.com/shorts/eaMDDseIL7E
what is Python? most asked python Interview questions 1 #python #interview,"Learn Technology
  
  
  
    Learn Technology",433K views,2 years ago,https://www.youtube.com/shorts/duajrwUUPXs
3 EASY Python Project Ideas!! #python #programming #coding,"b001
  
  
  
    b001
  




  Verified",1.6M views,2 years ago,https://www.youtube.com/shorts/ZqS_lnqSgeY
Python in Excel‚ÄºÔ∏è #excel #python,"CheatSheets
  
  
  
    CheatSheets",252K views,1 year ago,https://www.youtube.com/shorts/IR2D0rrF2ow
Fastest way to learn Python #coding #python #programming,"Sahil & Sarra
  
  
  
    Sahil & Sarra",1.8M views,1 year ago,https://www.youtube.com/shorts/Sl4zqWLC9Xw
Swallowed By A Python üò±,"Zack D. Films
  
  
  
    Zack D. Films
  




  Verified",8.6M views,6 months ago,https://www.youtube.com/shorts/SCc4R7AJ-mg
Can you create a web app in just 6 lines of python code? Flask Day 1 tutorial #flasktutorial,"Joey'sTech
  
  
  
    Joey'sTech",2.4K views,3 weeks ago,https://www.youtube.com/shorts/Dus-3SbDGrE
I Create Excel file in 5sec using Python || python excel || python pandas || python to excel #python,"Code Nust
  
  
  
    Code Nust",425K views,1 year ago,https://www.youtube.com/shorts/iju6xKZacGQ
How to create a virus using pythonü¶†,"Its Codingz
  
  
  
    Its Codingz",123K views,1 year ago,https://www.youtube.com/shorts/c0MNpou4zOA
Python OPTIMIZATION Trick!!  #python #programming #coding,"b001
  
  
  
    b001
  




  Verified",1.4M views,1 year ago,https://www.youtube.com/shorts/uWEIaF0PNGg
1 TRILLION messages #javascript #python #web #coding #programming,"ByteByteGo
  
  
  
    ByteByteGo
  




  Verified",1.4M views,1 year ago,https://www.youtube.com/shorts/jo6U429l3JM
Password generator in Python!,"CodeWithHarry
  
  
  
    CodeWithHarry
  




  Verified",564K views,2 years ago,https://www.youtube.com/shorts/E1kDTUf6bsA
How to Learn Python Fast in 2024? | Learn Python With ChatGPT | Intellipaat #Shorts #Python #ChatGPT,"Intellipaat
  
  
  
    Intellipaat
  




  Verified",251K views,7 months ago,https://www.youtube.com/shorts/-qiMuTAnnlU
The Most Dangerous Python Function‚ÄîCan You Make It Safe?,"Begin Secure
  
  
  
    Begin Secure",120K views,2 months ago,https://www.youtube.com/shorts/vgSew4wVMjI
Python in 100 Seconds,"Fireship
  
  
  
    Fireship
  




  Verified",2.8M views,3 years ago,https://www.youtube.com/watch?v=x7X9w_GIm1s&pp=ygUGUHl0aG9u
Python or Java? | Which Programming Language is THE BEST in 2024 | #Coding #Python #Java #Shorts,"Intellipaat
  
  
  
    Intellipaat
  




  Verified",605K views,9 months ago,https://www.youtube.com/shorts/VCMI7BEZ9FA
GOT7 'PYTHON' Dance Practice (Fix ver.),"GOT7
  
  
  
    GOT7",1.1M views,4 months ago,https://www.youtube.com/watch?v=7_R1RqFVQVM&pp=ygUGUHl0aG9u
PYTHON with #KickFlip #Kyehoon #Minje #GOT7 #Í∞ìÏÑ∏Î∏ê #JAYB #YOUNGJAE #PYTHON #GOT7_PYTHON,"GOT7
  
  
  
    GOT7",818K views,4 months ago,https://www.youtube.com/shorts/utLT7hkO9T8
Programming#python#javascript#java#c++#assembly #coding,"Code with Jasmine 
  
  
  
    Code with Jasmine",229K views,1 year ago,https://www.youtube.com/shorts/CMzbwSi8_q8
Types of operators in Python #python #operator #type,"Lakshmi Nagaraj
  
  
  
    Lakshmi Nagaraj",340K views,2 years ago,https://www.youtube.com/shorts/YWUMvhXamYU
Python LAMBDA FUNCTION?! #python #programming #coding,"b001
  
  
  
    b001
  




  Verified",2.2M views,2 years ago,https://www.youtube.com/shorts/ss-I6WAiMFA
A funny visualization of C++ vs Python | Funny Shorts | Meme,"Styx Show by Dean Armada
  
  
  
    Styx Show by Dean Armada",977K views,2 years ago,https://www.youtube.com/shorts/St9pE2bv0zQ
